{
  "manifest": {
    "publishingInformation": {
      "locales": {
        "en-US": {
          "summary": "Learning language",
          "examplePhrases": [
            "Alexa open learning language",
            "Learning language",
            "help"
          ],
          "name": "skill-language-learning",
          "description": "Alexa pronounces a sentence in another language and the user must translate the sentence in english."
        },
        "fr-FR": {
          "summary": "Apprentissage de langues étrangères",
          "examplePhrases": [
            "Alexa ouvre l'apprentissage de langue",
            "Apprentissage de langue",
            "Aide"
          ],
          "name": "skill-language-learning",
          "description": "Alexa prononce une phrase dans une antre langue et l'utilisateur doit la traduire en francais"
        },
        "de-DE": {
          "summary": "Fremdsprachen lernen",
          "examplePhrases": [
            "Alexa mache fremdsprachen lernen auf",
            "Fremdsprachen lernen",
            "Aide"
          ],
          "name": "skill-language-learning",
          "description": "Alexa sagt ein satzt in einer Fremdsprache, der Benutzer muss dann auf Deutsch übersetzen."
        }
      },
      "isAvailableWorldwide": true,
      "testingInstructions": "",
      "category": "KNOWLEDGE_AND_TRIVIA",
      "distributionCountries": []
    },
    "apis": {
      "custom": {
        "endpoint": {
          "sourceDir": "lambda/custom",
          "uri": "ask-custom-skill-language-learning-default"
        }
      }
    },
    "manifestVersion": "1.0"
  }
}
