{
    "interactionModel": {
        "languageModel": {
            "invocationName": "apprentissage de langue",
            "intents": [
                {
                    "name": "AMAZON.CancelIntent",
                    "samples": [
                        "stop"
                    ]
                },
                {
                    "name": "AMAZON.HelpIntent",
                    "samples": [
                        "aide"
                    ]
                },
                {
                    "name": "AMAZON.StopIntent",
                    "samples": [
                        "stop"
                    ]
                },
                {
                    "name": "AMAZON.NavigateHomeIntent",
                    "samples": []
                },
                {
                    "name": "LanguageLearner",
                    "slots": [
                        {
                            "name": "language",
                            "type": "AMAZON.Language",
                            "samples": [
                                "Je voudrais apprendre {language}",
                                "{language}"
                            ]
                        }
                    ],
                    "samples": [
                        "Apprentissage de la langue {language}",
                        "Apprentissage de langue"
                    ]
                }
            ],
            "types": []
        },
        "dialog": {
            "intents": [
                {
                    "name": "LanguageLearner",
                    "confirmationRequired": false,
                    "prompts": {},
                    "slots": [
                        {
                            "name": "language",
                            "type": "AMAZON.Language",
                            "confirmationRequired": false,
                            "elicitationRequired": true,
                            "prompts": {
                                "elicitation": "Elicit.Slot.1111184315639.887686027299"
                            }
                        }
                    ]
                }
            ],
            "delegationStrategy": "ALWAYS"
        },
        "prompts": [
            {
                "id": "Elicit.Slot.1111184315639.887686027299",
                "variations": [
                    {
                        "type": "PlainText",
                        "value": "Which language would you like to learn, german or french ?"
                    }
                ]
            }
        ]
    }
}


